family_id	requested_bytes	live_count
bd4c43e256c8cea50aaf6ab0d6f2eff8787801fb5ae6f698d68730b97704844e	65142784	1
f5ce67bf6fb7a767979b6754873b100c2501c495ea5f094f69a25f3a62bc1c31	13932080	4
a7f7ef1d33c50f587dbba5e68d5c9d91edbbe1a9d61ab71aa1e83f3fd5478cd7	8509424	2
b6c55a3d7a517b2b5398e5113d88b8311dc7ad29bc217791c818cbc25f08b091	6139800	19270
1d4d06a18443dd793bba7d2c0c6e7168efc4e08b84087c95d11dd110f7c6860c	5046594	4556
b70f790e60940b14d2fbb8e58a45f487d7dacfab979c0e874298c753236661fb	4057669	219
d42220e4c0b5ee2edd6134684e754a90a249deb1d4327384f8fabb9d9b120c79	3939383	31384
b06b85e547c70b4344e0b354fe65d7eebaedabe024a0dca4fa281c7168e9c6f4	3538928	39724
ddad8a7d3b08ca7ba4c54e256931b5d9d220d7d30fa9bc12193d873f7fd86ed4	1974204	2981
5b7db08924c7399ebf1b154a12e33e4688c0a7a3f76ec9c3b0d8df1c5a65728a	1933184	10984
2c6aa653e79cc9117fc5d7e24d1c3ff9484ba5db7554c56aa16de338349e6631	1927976	17191
4ea813d670f5aafb3c118a6c5210807a5ee6c6616502a8e28d197c65e44b6bf3	1394000	2050
f4dffd87ec76a3bb0853c541bd1fc9d84f13eaa9b938a6b1f855cd24cdfc91ab	1208216	9798
7957ba94513fe282f043b349bcec95f85c9a6c642ad8f4aff992d139de945b33	1071612	2012
ba8adbc6ccaa5b4095323dce95ba2b8eb02d6d7b3ddaaa4f8d062589abdc9541	1066920	2000
b91decdc48293ec13828af87116afff9f131fcd08317248dea2d85a8393f15b5	901000	32
0ae627823fd8d8ab878efe3edc45e0f25676f6cb216435a2e4a2b314a5b3ae00	764592	424
121961b5fac83903704be8f12a7b7d12cfb9a2b8895e04078ad873fe052aeb69	697000	1025
b6ca1b5579046ec83123d1d03e72952868e031b8379b7f485e161df1866380f0	630360	5253
ce9ce269314ca080913882e1ada1c1ba3bfbb6e6f84b51579753866343d49a52	524800	2
7fb98bd704d8026ed86a139b649086964d42a16da1a13ebf89abaa37fc2b79bc	477266	110
893d2666be7a293543e56ad759a1ec97bee5e92ddaa594ec801194e79a23c1b1	460800	2
1b4c7cb9a85aaaf2eaea3cf5d2f250f1a79bf25f0430697207f2d3290e5c6b67	423184	3566
f870549f971c3bcb0266c54168876e3b941e296b68ef3968f60776e671e57a5e	410400	4178
122f4b86b35bb72bae9022c349c9a6be51d4e87aad6cc6e2d1176ac7325f0686	400384	2176
1d61dbef9f7a9717bb2cb7251a8477f81c58459792cb31a123dfd15b317327f4	364588	4296
30437fcfaa5c630b8e9b1f52ef2a51c22c3ed35446054ca94bdb8f5d5bebaea5	342624	3
38f6ae1a25b34f9f32fc78094fb187b3fd936397db4f1f6b7861e0db030d6c8e	326340	742
e1c671612c0560bd70e033f19af2b1e23793222a59404dbf9cf3905c389e1145	304336	25
944c3b7c09168d59a958d66a92ea4be3ba5c32295aebaae4404beaa3ed3b64cb	286992	7
4483c7318268ca517535c5ba2733f05497d864758818a4e6acc4d160cee79d2a	262144	1
e6527c6c96efd30f776181ab2bfe350b313346e10cddc8f6393d4b138840be87	257776	15490
dde4336a3153a334365d4918fd7accad1235ebfbc4725122e3ed8a9cde48f6f7	243390	8858
99231c7e87e442cff4956f1aee0ac47defd0492438d314316af1a96c650376e7	186912	1
2aa2be2e9dda878a21acf4aaa148c47f1315195c11159943cc8c65e9dd41a334	162520	239
b028655f5f8019c91b7878be115200b019c754a939495b35194ea713f259ac50	159552	36
59e41b6a52cd92d26a5d2f734a1959eb311d0f4c455cf8ebe8b9c7388e451368	147456	1025
9d29636f7d39d7f185860d091450182b9f59608ba60184898388b47822e3681f	141440	208
b133599c921dfc8f66cf48bf445437ca051430ba46e6bf47020d7bf91419a869	131488	2
42fd7979472595bd542957fa78924499b6cc99d53299d790aa2cf18686188968	129792	3
7cddee6a1e1c514177986443a51a2245cbbb49afe1a83cb69d99906973cacdef	127743	32
bb02fc1e15d371276f4c8a3c670fcd87f309a8e0aa58425a874710eb9579e5ba	90864	1704
759555167e34a9a9d61431b5cf20a39a8350e01efc037331475e874b577520c2	87912	2
53235dbf919a2e4a96f4c9958342109c2a3db8faaf542c7f9f2d4dbd491e0a52	83984	1
35c9fc1afa0cb835d15a2ed0694b5d8770a0e152eb0cba4d4520c53bdeaed60d	83532	1267
09afbcf0043a064ece9541f480ab543dca5bab9d363a9fc2b3f7d3714e9b90eb	79296	264
026de9af00608c3d6771cdace6f08bfd4120bad5d127b30400674af76cd7ca51	78912	2475
e220fe1122bad46f986f3f0939ad9b5fc1c70517b4ace797aab6dfc17031bb2a	73728	1
f055845ab0dca12be07ed64aab7569dcdcec6465716f694e22bbe6b5e9d25652	70392	1
6a36977ed237be23b5c72646586416b857d6e764b1e64b2b679be67623263e51	66623	3
e4f7606d320ae723a8429e34a0d341babcf1683b3e7ae8a8b3d2056b6930177a	57352	583
30a3976e1ce582d122c89d7ce0c85b5511a4b1a8efa19f60de0033fef33df90c	53517	5118
12c33b8423f0d4c442e01ed337d7405255ff85dd3180917a2d1baf18f5954844	49336	5
468f43e36da24d2cfafd965d3dd3a3a27ee6838f71a45900701659a58c0decb0	46200	105
94ddfe7fcc51be79e10691fb8054880c96260d1d3f5094134f02dc37358cb555	44376	246
2a5d7fc670c2aea7653bdb1418ea460f0763f046b0ed686f23c3b62fb8ced5d4	40400	1
21c9fcc844ff712852497a991ea3f9b0a9b96fee79a444f7fcb3a4c6be42d7f2	40032	316
0155253774a724226f43fdfb929e4207ff0f24f806dfc37c5f9c995bb07190d4	32768	1
c152eda13e2cfa92fe634a3193fd83d21ce388d5f3f27f6d5ef559dfcff0f493	31408	1
415dd4b3c72a86e81696931b9c819903aed6401b54791701b9d3b23c77d15a50	29340	90
2490d5fc35fee5eed8c794ab2ecb883b1f78074542e897e0be5410c635dce2f3	26880	700
f65b0dcb8f471028f70856a1800f7c05f9c37a5f360b9855fe07103e88e98e2c	25324	5
cb26da3ddaad3b179c24421d09991e2f6f6826fc8ea60739249c7abf84473f2e	23552	65
1bce5e0c03b5ad8f5278a3c0a9ef1db3b460f6b5d9ce25785bfba5fe24bb1b6e	22474	1719
d1dff27db77e8fa5eccf396759aa4b5622c18ce07038973d2ba1fb3a13452ae9	22400	83
51352243c3ef419b0629c113a9642e92acfb897c76cf3821219207148c5fdcd8	21672	1
65a2a8416e34e81374d9d652243bb2daca85a222bfdd65ec5abfc83f91f4853c	21632	17
09d69e0507f94583b57cf6d925bea537e480b526580fc4d762c3cd2c9e1d3353	17616	3
5b6fae662b69e086384539388fe1c7d6d7a0ee6e849b27e11841985cc4d64743	17244	1
e9e36b6fee08c8530f043c28b923c05aa6f54b86c2ea984b5305060cc3bdbbdd	16480	2
648a086a32bed56e5591707fc20b6ade74a2e407a393f34219628ea9e78e57f9	16384	2
edca9c120dbdd573c00e82e191d271e7b19181a0032d8fd6e8d3ae34da727e2e	15412	452
73af0c4b26816bedafba2b517e4dfcbcebc37c25ce17126965b880b2e927b9d5	14036	557
31aff74db2a43b7a3971bfad1f70185af06b2345a2ad85703568a213207400bf	13924	31
3ea6b7ef3e4809b2c595757bb5b28c2724c202f9649471266a374cd1f622738e	13504	3
bf30fe65930798cf42dc8cd5b6b442ba3eadc22657934e1df773321e0e0a55c0	13208	104
bea9044e3e3f02ebca208d41833de32f07f3c1b382b46fa298affc749ade6675	12968	1
4321aca5eb6d09c72924ba0c1e2203d171fa1d29b126b0174ef493772fc725c8	12324	2
fe8516566119313a78bf2085ac61ec31be0be907f3c67d2099889056ac35db03	12000	1
a3353e2554b3bb8ba5a061174a65fc06338ba76c5d563799730dd4d2b75a1738	11760	210
41ea9e5a1ce7cd740a10b2a74b449f6d8a1242496c66b807fe0c1d16c55f6f4b	10752	1
57e3f01f8a421ad930eab69ad8d06e78cc201a159e425fe09a57a3ffc0c61860	10348	423
a0d7ed212e80f62e51e102961319a29545700fb224ffeedd71b41c568842cc5f	10000	2
2dc8640212bc24c9cb7f1b8dc92deb9c1b24b4a1925fbf672ed948ae9e486fa2	9832	4
e925e6e7e555f145dd3cb9f670562e620dcb162209e86c1dd494424e5eca2fcb	9360	1
5663a90e5ad0f920cc3ce3a753441f8ac3826da4d66c827db4510731cb58435e	8876	83
97ecb8bfc0028b73c2d3c2fc301f8de4c7ab36fdbd3d6d46d6c8ce1165b3bafb	8656	1
4d78d0f93d2bb6d4a0c610d85c5ccb18cf68275c4f037fa7a4ffc4f120ea63d3	8616	3
6a345445d81fcdce75364c898a44e743e18e46e462fd1f959258f2b34ffefd50	8608	1
7de04b7e12857349d62ac093a9ee8ef4b80f1e520d6be9622526ac5b71f46d03	8312	1
72204921509737c486b146f3d6df800663e7a2c911de8a897241ecf87f90b6f0	8247	164
36e8d6c79d4203243eb4cf2227658311b693c9ba06400707d19018f95d81a0a5	8208	4
f123e75e3ee93fe3b0c416d03db584ccedf8366949254ef9bb474e2057c061a2	8208	3
c2e2aa1719fc5e170a6fed0895fc86b69c33698bc1214e300d6a7277f1d64e1f	8200	2
39fbe73b19a605479458b7e9c5e3d82938540d5dc15f09de42f3c117ac94347f	8192	1
55a3056145b9a61a27f775dd02ca4af81944cf305f615bc8eaac4aeb6341e089	8192	1
390152630b1c8d7231daf3bc4bbeba80d43919ec544083bafd542b316c37e645	7920	22
3c97c345ff0aa1efa63d4298c46ffc3813b802896104348c00fa5b234145fa77	6624	5
aa69e0247d6c7f0ba29bb87258288e99ff7e061ff2ccd88c449f86c30c99a901	6600	111
77be961186e8c758162cbe177fecb1797f0f5a45bff59be0103d2abf25eb47ff	6592	1
9b4b0e71bdd12fa0cdda3bf87bbbb6153a3a180abb0613930db9812de8eb26f5	6528	1
9c791a479ed76913f653b765e9cce79232e5344cf99734c88619482cf4c9449d	6240	1
63a0bcab113124cea1d340904f8d1112383d840d9dc5c9bd3d4f26e8d80f91c8	6203	101
b36cf8f84c56662a6d25bdb148e239745319ee03cd77042c4d3452cbc4fa7f92	6144	1
d84f244a8be11a494e657582cdbbeb61fb7500a3323a1146b5ed65a0bdde6320	5984	1
e13fbac0260299db4b752e20cc6d8ee25e29bbb6898bdf658a1cce842d003a6a	5652	1
5bed7611aa5f3463bd02f80b4a26ca28c2a87d65b12459d991961d442a26506c	5615	2
b17f58c24a42914fa8afe413c8a4a9a2b028afbcb1c1f0f5346a09b4bc804986	5168	1
ef4e540fe6ca247a4cf69e629f80d84235a5ce36f852a4383b9777e3d14e36f1	5080	3
089bd16d9c1cfa119f391df034aa69d602ca84c9b94a1790528ed106e8332a71	5076	1
096d438c37c9977fb6448fdba38a462e10644befdb233603dda487b12b40abdb	4568	9
9755733fa1522ca3bf93357623d0274e0574a249b2ef0ef2520fff4c2a2f47b3	4368	1
774ad503d73c6b03581e89149f583cf55edf26885ea1dd95a71c2a5a178f509c	4344	48
7390bfaaf5260a1e2baf35097ad4109fdc35d54f18f868aa58fa2f1bc697eaa4	4104	2
96783696ec85188ab0bea7729f6f03b6241d04f1561bcd98182cc7a2608798c4	4096	1
077c2ea1015258eed6fb0e1a208cf63509b7c47248559ed46c94400c66d1f7db	4013	96
67bd84f807035d03fe0592ee6bbe691d2f34a724fcd0615821b1ce5fc5af7a82	4013	96
372ae53a11f2bdf70733d50514e75dbe17f17b594b5e03286eabb2f26e62f36c	3696	1
5d114bf99f786e6582f3469d0f13eb24f148bc16d91076e6ca9f9bd45d28ccd2	3600	3
34835e55991ddad8e12d1e9b0ab1c03995a2e9cbd60ae14ec67260f563c66ce3	3332	2
2ff72b912185d9b8008c8977b5fbd79f917e3a86fa0482096dcfcb04517c8b1a	3328	6
a61f2c4ca45cbb759181ebb6e0b7ddb26c5daabd96a483c21d4de97b38d35e4d	3328	2
714096c6affa162b7d3d534d211c6ec56d7d26ac8c89c0abdf71e05d7eb9cf3c	3256	8
24ab923e26e62b9346f79fd5a158e62c6c8b9a73a6d0c56c5430266d5d5c7030	3128	2
8a03ed7948fe4873d3a76e1259e9718c0746d3098bbb2525a8e7f9a4e97e63db	3081	255
47500655bdb82fb36e8da6ba314c300b4e1ce026d7ca67672d52cd8d5119ee71	3003	100
72cad0026120c50af7d386321b6ee737585055b163be5bd0db7aef205508c22c	2840	1
9bca4819bbcf39109cb4aed77a08ddc96c77d8c37c2271576434542e038f3c0f	2784	1
ad9b29abe09e8e4fc90dab8e0e38fbae9774c86ab385c2da3fafd5a05c6b68f3	2712	3
c1e80a793bea5d52cd15de42dd5e4cfa39d9b1d1553213b5326560387ce5bda3	2320	1
c518a25bae52605c156e62fadaae752f7d66d70871b0cee73a374b64b113d409	2280	18
54f28f909c1b60a73faec748454b11c9412612ccdf73a4973c06a7d388e9fa00	2264	10
55f28fcbd17be75b3b499de20199547c4b78e4f14fd46f6b3dfa83d7aab4f14b	2163	2
ba6acfe4a53dd2ba39bf9f7d31cfb7a69da4cc73306c74bb082370b9807324a6	2160	72
79e9d47497ab7ec6e07c2f06ed8e6e4814f9e6e2cf84e351cbb718ff6dddbc3c	2152	258
67248a1377ac46351668ea2dd17a7513363e9955b9bd6537ef3ad46cf25673fb	2112	6
53478f19ea5fe9a6b3dea01118e093c155d769afd012143a1d8e445a3086a1d7	2064	2
ac65fa5e49fd9ebc7127705845b1593e039936602486a252f90e700cb7e60591	2048	1
89d3b40d4d69e11b8d19c559920a9a3c50cffe599e6619f07eae9809c44ef49b	2032	48
af9eb3ebff370285456ff84de64b1426dcd61574fae724cdc8bc28619eb6ba5b	1888	7
da509e37f06204c3d6ebabc4cddfbc46ed79788ed8b135e6bde149e1a1556f66	1744	1
639511caff4ca9379f4c3593474a84e0dce66148a37e47055a9961dfd1b34898	1504	5
2bc56048b24176b1607f5a9248d31e911dbadb2c4ef1929d038361c9598f3289	1436	1
011610dff68d7355846fb92d0395271a165614a80fd394b0414cbffdc968540c	1384	1
7208c76875d7f972c719a523514a849d05d1ddb92a6974d85d102ac98af929f6	1368	1
e821e91c59f08171d755f86808d0a7e4c21f771576e0d619869f62518dac7180	1306	2
b4b209c65185ca8c9d2323f054be7a1f73d613d47ed9a29a5ddb002550fc368e	1280	144
00c89763cb26c53bed59b71a5393770b74a863783f5db603679629f01cb05f12	1248	1
6abb066cf89663373768d54528edf59c7d2089ee2c4a0637ae919947ff155460	1248	1
8c51a436a79ab5a2ba2898add0b10f5a53a5813fbacec03a3090c463f928f670	1248	1
469c2cfc65481f04e7a0b0d80414270de711c945a86d8ecff0ae9131416c82b9	1216	1
65ac0e2f2001d1807c5cbd6088ce6f20218842c33aaf16179785d0273d4f9682	1128	11
268f7bdf5b2adcdad40216436e81d1d98b856a0cac65cbcb37464faf2346fa85	1077	11
1942fbac2862122b389c0331272cc3bea5f0e29c1cec1a52d5ecbfa08a7fb254	1056	4
eb965d7f0dda95cd197ac8b79ecb3286f8ad3ad63daa9c93d6b18139ed011ead	1040	2
d4d5ad300c90110fa0a60afd68522af872b590becb95435e2c0b6bb56fb42486	1024	1
e167aa90deb0d855428bcce169bce2042455e236c234be6545b55fbb0eb056a0	1024	1
0af2463f5a76eb26a859b838f7c880ec3d700be72c8501a3ea055dc48a3458a2	1020	136
6792a80fce9588b41a42867e7103829ad3de44ed5e5ac9364ec5c94d9ac287fc	1019	38
c200d6087d18deb4a786382325681acbe6f05d25d9bc9beead67d0d26b855caf	1000	1
0928fc24fd207c1be570d15d500acf23e0b01c83ba5b4d3200e94599815089ce	936	7
f20f719ae83ac5c6407ebc5559bf207d7df223889025847c2e379ceccd5e1e9c	896	2
1a862f2fce5b3dba6dc981a90a808787b89171a4f426b49a5cde3fc695b012de	881	38
53ac3631f42df5b49d4fad740c7d5cbb8833f3db194a8d892f08cc32e8c538e5	864	36
b5b67e31e8ac0052c55680efde21373657e30a9b31fe2b117ca8cfb35e1b5a03	832	2
a202f9664c232a3e70bf226a5c696a716cb637088ebc6249de6c45f18187d078	824	1
7ddd4335e938a97786c20127d1bdedd53316ad0dd76f07c9e880909b96111557	816	4
7c722e0367e24c3303514a208201431e22576edf106762cb6f02e1523bb82bc9	776	1
27f26f6476ccc61a4282dd55be700d53e4bfd6cfbb2ffa44f43920c91a3a589c	760	3
8d0bcf0af7d2e252b4e0eedb2e38cc757da0ff7d9dc3d7602de62f41d96824d7	752	1
a1e3283a7532242597e47eba3280f608ee0f4030bdae532505ee27aa8e8af194	744	5
ec51e48b0e1dfa29517cc0204670d12cc5d4a19ea45cab8b7b017907a213e5d7	728	5
dc877e0c4569c6b1db219e81b7ab5dffce40b52836cdebb3bc74db399070c0a3	680	68
1ee0c53f4c4a41a7428af09047e7c578bb79fcd5eeb943a902dd641d10c3fb5d	672	2
b0ef6f3ca41701fe941c5ade4b963755cf1754c1ddce8e7de3c7479910de6fb2	652	6
baefb88c68da06e8c362bd8929c568e0523f83fa54eb3f6aec121155b0dd6c98	640	32
4bddbacd6e7c2d367e569e46953d56c431aea573962b5e266fa80b8fda61c3db	624	5
ab19d9da3635817e1740b395f517731bb070ae325a69972697fd24d4ea13d17c	616	7
19068f6c963fe178f2b4c0c6758aa42933b8303661e010183c4512e86b90a955	608	1
3fed89e0f53b4492788305da49c9c2eb2cb3a7d2a50c28ce8e621aee97dc5cb8	576	3
549d2828f4bd60b6f928e9649aeef9539a53e8115de8c250dc64ff495cff50ca	576	5
fe0773d0ade3ed06a6aaf70237567dbf9d1e8f26fe9c3ce8f63614be3581bb13	573	75
5662a0001a74eee824cd15bacba0f92c48b36f9679826fe766bc94c3b2cc977b	560	5
9e23ce7ee7495f5f7540f25562d428c93500bc0e8bbfde42c655c2a8f8845270	544	3
d3c1c73d401ec2de4333aca1908bb27614668e4e834d4bf02434dec8b9107771	544	2
b7d7fab3bccff4d7fa1569eca084d9f0d7e82dcb6205cacd5055167e2d24488a	512	1
de01b46e76e67df38a06f6e161382a6658c5a09f7cd6082993ab1075c0944c5a	512	4
41038b466700ba353285575e7ee52bc2d9fecc3394d4f3b6e5bceea931723a35	496	1
dc841b418a43489285004497520904bab350e475f311241b0bb235ba9fcf4c8a	468	1
9a3a8f635af85d906c14758e4e25867141c18ad3a93759dee4b23b0fba0c00b1	456	3
488ccd2972689c285f4bcf3859732b3e5b25566a2287e3395438624af7176a56	432	2
4091cfb523c06c1d5d7ece656a18793c86176d3f3d39a54e1d48011055427f50	424	3
ec8fed4bf55c3eafa074bd5eb3e5425b6fec8022cf6682a73c71a57f877713aa	401	13
1a15b2427143050134127ddb41b696681591c99059b4e61dde411b66deb567fa	400	1
52e3502a02f1e0979a53b6a0df6729a8d0cab14ffb903b2f0d2a65a2b050b1cd	400	10
265c5f756961b203b2872a6afdd9130aa0e18c76b13e75610e889657857658ec	384	3
fc2da8fba9e079d471b644a9b1c677eca407d7961f4c0267bb332715e144686d	384	12
1abc8a2c2e2aded08dca4dffad153d69662f8378056f54fec34f15749d4568eb	368	2
2fb231e1308fccb0e5cd2ea0cedd178d50ff9ed88231713caf6d9bd1d1dcc2fa	368	2
7342eeea1002be07c0e17d3c8bf84ff299d0850bc6f1c51308e334e36fbb1baf	368	1
dec372a81fa7cd72cb162a4e8bd44d5a765f5f452f57e3542a3aa58b1a77cfca	364	7
621e876fa28baa2e1a28044329820ba92a08447fdfbdc2e5f2016000f864775a	362	4
048227bfb6448da351d12facc82be723e159520e075d8b3d66bb1d16b71e9999	344	1
0acd8c5232f54ca5d248bc9fcffa2e19db0afd3c11ab290ad7895f143331e527	344	1
35e6f0f9976ea03318a2d43ca289c46cc38b85acc35045c428ed6b04c0a4fc27	336	42
a7802d8912b0e785b6d072b59852914ecefff8bd5a0d9e11e712e34276fcddbd	336	10
86e0bdae1754b7938e4b27cab6782ab463e58555a18bbeb1080c2f8bddbd0e6e	334	6
8a8a5ef0f3b1ba216008817c34c3e1a0b0f530d6edd5a46d96687f1c4b17d842	328	2
47d507281cbd04f7fdd3ad90f9c010504bcfa4eb45a7edeb7e9d13c016ddbc27	304	1
05bfbb0311ff41c34a955b06da1c5819a57768e874cbcd6a400c1d153959af0b	288	4
075163944ac5d388fd7bed2dc5eb1ffcd0d2ef719bc1204dc87432eb245882dd	288	4
11380106c9f42261f49a8660107ff53dcc9f857f21ecf5763f293a78adc4c78c	288	1
2e362a31aab39ed588d22d840f93e3fd2eac128d48c942a652982ebbabb8ab91	288	36
448d57f07b8d24653caaa7fcfbd057cbd5e5c181204020de3dc6065f866082f2	288	6
ac2f72e85475996df5e4447a6fcf4dd0b51312ba6ad617fe276de341b60ec8fc	276	4
419933c8fd6d0d374093e23d577824bab4c8be641d6c9155b2756151ffb0b459	272	1
a2c270c8a5a8d6c6321b31d7e26f46e6f080e6a2d84fe0af5879e67304be0fed	272	2
72b0f99b8349bb7b8f6caaa7b7cc008049b5ba7d8228b57ab6fff14f143c053e	264	1
882ea6e1c2701ce5bfaa9420f0091d24ac72db02ddd09f153aa28820d18ebacf	264	5
b6129c2f69ea4fdbe45600cd508cdd5db0dcf69fdb827bcf87c90d5b3a37c7db	264	2
64cd864b1070def8685577729392fe45796c8cafc94f37d196025303ee5d4d47	256	1
c156b22617a102fe9571f88bc00eb81df00e61d44bebc74ff0723cc3bbb1403c	256	1
ae781395194ce28362fbb8c8d1d93318cf1b122409d98480df105bbaa709ff87	248	2
255fa18ad4649c9991f6316ad14a3bf10646e14518210fba5ebd912eec1f97b8	244	1
c73d3f6f3fb7010b890c7494eda829999c0ea6bb90237eca394004b68c4d1aed	244	1
4dca13caf745cb432bb835cf795aa1269da67bc9b074a0978515bb9f293c6d76	240	5
917601d5c640a908cc1a8bb7245f46317a88492c911c03ae35d34654a95a3824	240	1
1d8a838ddf6867dd55126c94d7395ab569cf0f4493a82e45fd0eaa1c51f82755	232	5
331ef57ca23ee25133da10ff950e228afba967a0dd3c7206d942b2dbf9859656	224	1
6cc5e6a7895c833ee25782f7d89d453371ca72d012cbd16b264113bdc401b8ca	224	3
781aa38583519ab9a8833154cb0ed7895a4c748a08a9b8e2291f31dab1c526d0	224	1
98f39d588d48125a3f98324c9665cffeba646c31c1e12daf94766e31b3303fa1	224	1
c3ed9422a2622e542b5934b1eba7dfd5788596fe1be3f1751fe4833587a8e2cc	216	8
dd61c7130419a501bd0667b27233cf99694186844c12bc425dfd6bb61b48d3e9	216	2
7c0b3157abae812e6ff5c53a68b2e5b584db8e6395b26bafdf81cc3d55a9a7b3	212	1
65628fbfd8eea0ba3d55f7490dc21cf2f523fb085cc5edbf2acc07e61d738a9a	200	5
670297148fc36e17e664809ea562a44bd7d59789f5732bf2ea03ec43423d36e8	200	2
6929d9bb67a00fec91d90f4559b9ed26003bf7fb74134da08e1e0095ccca3982	192	4
7e0e45c15744d8452570847f076ec88b4e8c943d70ede9bc61b6e69c8b5ab844	192	1
820ff130d270b43586b99a0212433b83e233c1a9aba1a063143e2ed90a598410	192	1
ae1e38174a6d2a373314fa16735f458ed716e00dabec759acca45470561cc74d	192	2
6372c45c8b0f7e395fb0da1dc75b46a57bc14f1f297df52b295dd199f94f0de8	191	25
88bf6d234899e009021c1b6b9cb2b25fc041ea986670f2e423b106a9433ce31b	182	3
0d19a670d841b93b363b568dcfeb104b56588ba048699ceab44a16f8e645ca83	180	1
53b09ddf21c09e3bf7d9e3a9d3d47f453324e322aa8784521cc912b9837dea2d	168	1
7e8b8d8066bd1cc39ec51346e817f560355462b8a7591699a535e1b9baba7c27	168	1
bcac848766cab80d3b791538d7991bf41ec3a16932507e01172a18d9e34760dd	168	1
35ade8e96517f8e8ea00b9dd01fe2a9e2db4dfa92c360385a0edf79e1731c488	160	2
96017cb921d87cd5c0ab08e89669fcc08b50f6d93e7eb9213e59f88be19918cb	160	1
b6eab2c2660eccaa094ac56846172fd9d74b032b166b4e5597a71294894587d6	160	5
ed1af01a81203a3866fb72d810168a10a3c1b7e58882a6b999406b477a897eed	160	1
abff6880d426cbe59e117f65b0d3b12993eab626d9dae0e9bbdeed77b94a67d8	157	3
02c9bda346a88976e269d0be2a7b2efa24fcbf4c395a940726f431c57755eafc	152	1
91d21d2d116ad1d872cc7969bbfe65d40307733ebaa9afad9c325f25b9212ef5	152	1
b0ec0a1113026236e64238a15e63cfce56e2ed4bcc74877e6bece6403c5b6470	152	2
127a7572eaec280adc763914c0169bbc615ec87768b27b1d64e4b88527965fb0	148	1
4c247950c8bf165c6c092af3219f112cb961d1258320f8483ce115fc1bbf168e	148	1
812e48c3380952445cd68d313d46c8f0d260619941652477aa1a49fd346d37a5	148	1
b7d3eb0db28dbdf3fe35a7c7d771fcaebd0323389c891849547601dad46d4e35	148	1
c9858a929d11167713916b686d010d7be629365b51f3f35717df9c5d8e79e2f0	148	1
f83b9ac1d3eac2c46e7d64a1f121f93ead497073f19dd65bf2d526676e251a90	148	1
f8c914624c504630d8f4a0733009037852a92382bb7f7259cf04ddb9e6203a8e	148	1
0495fd1933e44946f45f4c73359f2b114dd16b12edfe3ed7ecca4e55ae132a2b	144	1
7ad47fd9849faa7a87934058d918ff23d2e56e9955721e3e7710e2d25d4d5691	144	6
816b2bf143e525c9e03a82096c1bb5d7bb83593977b809303c5eda2c79293b10	144	6
d8a7804abbb693cdf832824e0683ba7445a54039b3fe48b2c50f0795b19fcfdf	144	3
f03ee78951fc67d0673a6a52ddbb4a6e567c4d74365df70e2e71e47772de959d	144	1
b72d4423bee37b34efcc44f44ef889eb5cb5c4111a1f55f5216c73eedd593cef	136	1
e5b43aad5898c72cb93b5ff536035984342fe341aae8fef73dfc19fe3fcd7c23	136	1
198b7e9b8c3d2a1552f6df7581acc9f690334215ec535bd5dbed86108ed65ae9	128	1
1e057357226e99c9207ec3245e576e826cefc2268525713fb79ee1d2a0cf9c9b	128	1
51e2df5df35e0c78f2d6f51bd676c7c9cff213b9cbd61dd3ed1eb5de0c99e454	128	1
57d247744b80c373340d2936b58be068cad1592bfa67f27f90679fcd7943d7d1	128	1
6a04df60ca57e7d15fa276a2554334fdc67fae78eb8010db7575a238225a09b7	128	2
768b1d3877a755805fb8b0e8c90a70e4102fb271726834eccd1934583b200540	128	1
e722f1fd05a3d869c1a72eaabcb9323cd25d86a610362b3b95123ea9c1780fe1	128	4
e7c4d1e641be3dee8a2c6ba7c31c3c3b1cfdcdf4a1106fd922dac644ba1ec5a1	128	1
fb1f2048ee8be5f0ce92f2450771c5f3eeface13bd03baa01cd9ea4f1562a114	128	1
91eff752cc5109a11da1670ac5bfa24e0be76468c2d8b21a2047fd88abf4531e	121	4
daf024affc568853a32f551ecabbaabe6ad005324acd4304777412765456ff9a	120	1
f9207cfc984e24790b1f723160fcbad90f6d2f42d19a3793c8eeec7728599696	120	3
d8cd7ea33945fb0d771bf536464e4802c478b21f5306e73ad27de389a3e16b82	116	1
350e82cb33789002c06e2b9febd6ab799b77cdab4d0bebbc2908409673cf2cad	112	2
5a09ff7985e731e538923dbb348daf5f3ad5de42d3012bcd0fa3e6ea8d33c161	112	1
981c6ef021bdfe8b3f7e5f8a96baf39e34c6d9fd72a42ada17a3441fc9d6f44d	108	3
52fd6f2fdb960c75d6a302149ab0ebde810845295537508945823afeb4b84dd6	104	2
865e19a6cbd943d142d1dcc14ee92d2ebb07999cc3058cf259ab1cd586075385	104	1
52a4a0ca1b14b209ff494dddc71f2cdc286878eccc2e32133f42f0b6e0b9aad0	99	1
14c34d83827dfc38c7f0204ab94a250136b25dfcab7902d4dbcfc1bf9f39685d	96	1
1b41b4c90cd11a8fc95d510ffe45d155da782c76593f8725424caa71f1a178a5	96	3
31bbd5b78a030ef22c866978f570f339956f40758101982e843c85ba9d06b574	96	1
504b0641dc0dbb4133d68931a787fd8d2d08a11e516abbbff1e2708d60c6d79b	96	1
5bda19d2e77b5de08a70b2b8f9e7764e3c6f40eb4275a09a7afca4578771aa6c	96	2
60ab0fed6c58b447428bd8fdb4338d027dcd0934b549e89b01e0f603834ad736	96	4
7e3949ea5a210208d044003806f43302464bdb80af6739cd18b0eb4d08291560	96	2
aac785335ce564f496d6ed096010afca50fae2814a2f4fd6694ec91e9f0b5426	96	1
bc7717755c818254ce77e67269cda1160d43e64e6cef570167a4d6b52ae09350	96	1
d0bd7905244f6baee5afb2c3ed5c7e5235efef13cbada6b0dd911284bb966867	96	1
ec923eb81ff0163b0426ee4981c0e1d5af51159db95417dc6c0ca9af74d99667	96	1
10667dfeab1ab58eace57cc9a1e2e10c1bed2420b6ada224760d7a55b7eb1ec6	88	2
96ef0d4ca2e99b25adb0e38a6b5cb0ab205f8b826f5b60ab147beb36273115af	88	1
961c1d4e7436c6f8e6234ad6b7a2020f550853b36ce473c56aafa10e2cecdd6c	84	21
065e2c1a0a0d98c71fab0691ea6ead636870b3691ae79b35534f5cf4206af74b	80	2
0bbfd0605ddf0deabeeac3e505dc5cb181269c21ede78acbc624d7e1af9f938a	80	1
36198643ac80e2d51660aaf117be658f4c91cfa7f9cd0ad5866aa0640f6db19e	80	5
a105775d795f1d940de85c6c41a34d2a939ea67ee0cedac44dbcb75c4b811933	80	1
d54eb60c6bf13d832d4021ac5c9b8e55f16f11384567a4e673442aa3e0736f72	80	1
44e5d9c747a3933c6094de4239afc8ad1235a5ec4ab1891e53c683af9237bfa8	72	1
7316a23d42412e20048446bd14d5cf1b3e7285cae727af14dd7e45e6b28c983d	72	3
0009a88d4afc30d2038bb95302980cba973f583b73155b8d0dfc357bd8b52f9f	64	1
036e294a7d4186612dfca04b3460ad623884911c9559f6d81c96d4044089df95	64	1
0fe975834c10f6f9ffeeca26f9efc2eb24ec06cd5ed329c70f77ea25e12016e7	64	1
3526a15898cc24c91ffe28049308a349a0995daffb6da0f1246cee4adbe0b4f1	64	1
67c23779f78ddc300af09da18ad4e45f39300074c64ef84fd85f6fbf0e1daad3	64	1
70e36be5ecbdaf3253f0908612ab3091894e9b9bf2e9cc897e1efebe81f1a0d9	64	1
73c57d868ec65b2ec89448216eda3f96e25d61766e666282975f198e18398672	64	1
835c7c0937d72d625358bd839d46e5b0a46f0ce6e2ea8aef1bf3114f8ed93b86	64	2
de7af124051a40a470ceb9131f1f55ba8797191aa8d17f770c31d066f8d15c27	64	1
edcaa9ee722ce3b2f2d0ab95502421f356fd5d880d1abc85cf2ce615ccb4d78d	63	1
26f92126a5ac14b1002854df2b7d2850a0d613c8069fd060f09f421a7fb493aa	58	2
925d856f5ad5a4c35686fb53d6a7ac13a8be505d17bf838b1a60fd52068e620c	58	1
0bb667726ef87d1472b2594c925454770ba66ccb92f0441a7adb289e01942dcf	56	2
1b1340a6c67023584ca7df013833bc2fc5ba7e080ef2a4d3e707a2f30f58aeda	56	2
501477c5d08457b5c238053adaa0a38374a3945dffae80d8458f6417743c02b7	56	1
754bed513eba0ec694282397267e027b7af8cd8a4384a08baa1b30312559a13d	56	1
92487c3ac15e0c4edbaffe1a0f2cd4eea3c74338dbd6a3dddbd171954d513803	56	4
a0d598c0b1fd3f99b7063b8c7baaf35fc2ca52a0c76239eaf9917f6adf1923a9	56	1
d28f8c67e2e56b120fb5ddcf5cf5a19b1c7ed002d272ddec501ae316465286ec	56	1
0441dcf43b67a4b7a2e4884afa0e5bdfdad7dcc2f33f7215d092bd9b86097970	48	1
0d626ce5fb17adfbd4bacd087f456be8758c78050c4f24d4835a3059bd188a1f	48	1
58534557cbcdf3d411c4377186c613926551a343651cff4cecda6d806ba8339f	48	2
6db6fbd2add0b9db3f8c98b32f2f231dfd568abda076161cc8f722eebbe3f05a	48	1
8cc013b178ad8ffeef17de30cb62f158d3ec92284fe8dd1c50482ced5bad4e0f	48	1
c76d5c58fed14a0cba283ab845ac469b7b93bd414d8f9654acecea318f2479b6	48	1
c7bc74c2c4e9f689ffc3bfcf1c335418a98616c287767fc27955b79d6342aba6	48	1
cb7e8106f8d7d2b6b7120ae44bafe0f5a74105401b8b7717614c0e1abb080cb8	48	1
afab269222a4495efbd17a11cc850a88d40f9091180af3e887b61c63eea1cf13	43	3
117e203615b17dcfb33442b3d53f06f2c3fc7c0cba6870029c8acce67f6e59f1	40	1
4c2522db83b87aa095d30844269d3f483987eef675b655a8fb5a70f8e2a7d761	40	1
4e5621c6fa23b01661d0c9e68ef46b7d91b11364438d91a8ff0b0491bd6a2759	40	1
8456236c02212248ff44836ddfc95227b88f6f3dec9a69b45c68322e4ddcaaca	40	1
fdac19feaa989c5e391325e4cf4b8ef712350f0915fab727d39069b3bc23d6ac	40	1
72a1618b84e7906669afd846e812b5c566431a338b5eb393f621fc765cbd2142	35	1
1234ee14c150078f67da48b4057b6fe330613242856c5cfb2c4c2d8089a0ed23	32	2
2479af13e325f5aade90dce50abeb954c4ba9731d794a14ba1b0dcb60251613f	32	2
3474ced2e745fb4a831577303fece12ca8f0d485133df40b21d489263c635be4	32	1
35e78f0a0e872012e5d3ab66e80d34cfa19b567ed7b01f627b04116a14de0e1f	32	1
38a0cb8c47eaa2056c011cec3dc85cdfb5f4a2666c90ec5eac16ce3ad7f3e158	32	1
4e8fa2ab74a16f103d775871f1ff9fb8027c1a3c525d53808a1f335fc748c462	32	1
59f8f6b22a641eddb9d2cc92eb5e656b99e63f13526f1c05e7eab3a94372a539	32	1
68717bc035d501b2d7a0548069f3cb687ec27f290d2a36341c727b8f1e313ebc	32	1
9b98ccce08121c1f46b5e647b1013f305c663c59b182bf6986fc0277233adaf8	32	1
a718c1274bef4c5201c701009a6285b4dca13d38680b99ac0e9891f64cdd5ffe	32	1
c94bfcdea6b97944ab088e32592ae9ddaf72fa1eeb848a15c39f95f07b1b6883	32	1
cc887c35cbb94c87d58b6a566efc67732bc5dba8aa071e6b2eafb791ed9134b9	32	1
d43e40ea5d17a3437046fee6b943c815126db89e1a68084da4d40667aa187537	32	1
db69a00f387ff559f63c7088f66af7946dad980946ff5f2c76e311e05900dc1c	32	1
ed18864bf7ff0822ecaad38b15c39a999bd9d34ad1d4914979ecc98ac5421f19	32	1
edd755cf4c723e1f1b8b96216796551f6be27ddea638984812749935ddd5bda7	32	1
f92691b8fcb9335ba25ffa7d572b8bae47cae774807f6184a21068f809b682dc	32	1
9461c870e36140e4cc925d50050857934e5c0966db2521d9495b4c5b71997db0	29	3
c804bce6353a5d3ed5faf59b363a0aaf45beb4b4a1951da37ca86d6a87a16a0e	28	3
06dda4345adc497f06700170310c7417b603b4ead60ef1491d13b3c1c7613609	25	1
1b935d15ca250382322900031b7302de234c2556b0a58eee9ed96c093c5f62bc	24	1
1cf38f7c321e569f315735dbfdae2352f2e0d035a11bbde115a6a43d2396a580	24	1
5d819357873c1654776c81c4502360ad6ede0a7b9e9e2e1cc163e0ecb36fcd7e	24	1
68f94075f9ebcad921dd2b319b30dc5b3c0af233fc7fa15fa47203092cc7e81f	24	1
797e92cd0abd10212156b50da8f940fd71274a0f4c5ebc8bc4e6b2cf2743beb1	24	1
91ddef662afb4799fcfaa3c6dff623e5c3df5fe5b292f80e2f7231585f7b6977	24	1
a8f324652c4c1dd0a49580422460b526878890047af48c1ceb42d51f828767f4	24	1
a92e83b7ec14ad03914f87b070dcbfb7304002d609f0051a5789758fad54d96c	24	1
41de71e6ff4fec95445c5b078580c71dab0da7f5047fe6ad8186920d4d759399	23	1
ce18b5a4251efe20c7f76770b975c77c1e198ea7aacb1a43c6dbbe6d8b8e62e7	22	1
162da317b326b72422e3c27284879c734765d45a012a7cbc17cb253657df3199	21	1
d49cc45158276e81d97e132a4b194e4b7e6277cdb9eb0692619a5c894e9d4f3a	18	1
056ac9fa3649149535ae2f27f31de534f79d3502fd7f81bf37c92390fa2fc1be	16	1
09ee6517a97463886287f5e1da963c1533aec96ddb6c10d32b33a17c3bc98420	16	1
0c475cbe389e124d9a800c81cf078652403f14f8e51a6b8c9f6e678ddf5b7ec5	16	1
1bea549fc6216c922f99d84e1d765fbfe6d17dd5477dec7429e3c66977698742	16	1
2941ec1d66ce3b6db61f0aceaebdc5cdc38b6a7ccc69e79ecad03133360236de	16	1
339a40095a13144c3d90fd985fec97be00d4038bcd027dd421f98f87b84f8812	16	1
3e5e164b86c7d3ea122b960b0ecd7c4361c932408bac7a1959d2e688d29f5390	16	1
44b468bcb63f9bc71280b33bae91a50dd3405152daf08b5e68625b4d225257f6	16	1
63936749fcc40d518ff2fb6bcfbce101e18f17ace4a8237e91dde161ba1ed4a9	16	1
698caa20e98a629b0b52574c520d465f4a3781a3ca81dafdb1113c46ac66473f	16	1
72e4f5c576864e6e9e461504e1d5c4b00dabc066b49ca029aeaebd5795a14d5f	16	1
73599eb4fb3f23b3a188c3a6dcb146f770f7b9910e9337a3487a4f87abe06cbf	16	1
7a504ea0b8719c570e3a5cdf06280fa8ac2b4e3f9b98eae95a80533dcd18416b	16	1
a15044e903c21b01c823da831c65d67990cb2ed9a4c09fd791613d2643bc8f0c	16	1
e4fcbd8076b09a32f7828f4e08e05a8d1461de0f4e56f6418261cac92ef2f1cd	16	1
ecf04988ffba303656dcae1a61829b660d5402e17ccba64edae90e55041ad43f	16	1
f6f46ba007de022741eb4337ea160763f44549e8bf90a312eb2a97206328cef7	16	1
fa039c0d77f6af567a3ecd02aa6d622f01dc7ec982c194bd38ebb79f275493c9	16	1
fccd6d321448cd6050d09573da25171f686eb8a0e4780ebda2a03d268ee5c9f6	16	1
8b9ab6923861159f7e66682efcebca87fa8b22abc4caa377609cd6b6213a2c4f	12	1
6aba15e778ac0d218533472f0ad16f18584049c46fb2edce793d5d49d7ad3c91	10	1
7f0fc215f554276eace2e99fe64bd17b8bacb82b1258b438f7880e3666f7b7eb	10	1
8e8b2b852661c5e99c2c4c5778c1220c84a8e7772afea25c3b352f2d32404adb	10	1
aa2e25fb273e51bd33deabaef4aa80e2d4ab109bc4874dba03c5b7a41d844811	9	1
e2ee98d8e68c51813bdd0b04b93112bb9034d0dfdeb354e00f9c04980120d117	9	1
09988fff949804281ceb8e88c714ebf7ee307a97fda002f6199922ef4979199c	8	1
0b3311cf309b06ae11e7251f1f02f57240f64213c87fa4cc81f6e68e097ac58a	8	1
0ed5a796d692d50ed60a407c3d760cf465eb2eb488dba97923dd2c11ed2c0f3f	8	1
1d3923df2783355a3149d0b47329c52ea2feebdde53b5b480496a788bdcd3449	8	1
2531a2fff913b85888939864a7db5594d79e39d255946740007346e5cbe3dac4	8	1
3d88b744a459735c15b361a4c286f3e311b3c18b748e2edb3a35fc24317c4b52	8	1
485cc6d3a6fa0d6044464e73b519db8a318534448a0207ab96e841dc5708ab0c	8	1
7c763f29625127778328c5c1c0c28b9aead045d016fb202f6138ad5945b89dde	8	1
8a355ff6a766f3f48fea513501fc2adbac1ff7894e093a14f629661844423ca1	8	1
8fd4e0ad2eb25c28ef3f4e464dca20d634a3715bab5e0b4b6c094773ab4e0803	8	1
95f1400ed7f8f18b0a420b6a75e99d601afebacbecf93e2456a9499bc122001b	8	1
9683b6ebf48abf918a61738743af2921cd0a02abfd38eaca64ddb75b5b3c79b9	8	1
c5dba336ffda14db3c1b63e7062f60c6241f1a675fb2b1eab555b322ae7e1893	8	1
cd8fce4f72bd3d0b945180d74f98dba1539e9ebd4d3783a94b2b61eb9a7e1652	8	1
d6be996548260e29ceb95d6a3afef4cd3d3851d02e0369b9823cfc766084b776	8	1
e2da3e86c9ebcbba3943b1a767a9befb67d6f9206df8b03235b01d8b447c32bf	8	1
e0a1f669a6a35b4ebb54abaf67ecd4b3f3da3025a2f80473708d9061f1566cf2	7	1
e6a08bd3576ee2f9da4b6b2f3b7b32a2f98045ca15bb574d3767b4d57fdbaf94	7	1
b51e6746bd4ca6b62ff257da30b21741a7fcd117fbb9f3cd97329e437077d4b4	3	1
