descriptor_id	trace_id	size	live_count	allocation_calls	requested_bytes
4515	3862	73438581	1	1	73438581
4516	3865	65142784	1	1	65142784
4517	3867	8142848	1	1	8142848
4118	3763	536	10984	10984	5887424
3718	3433	1962576	1	1	1962576
4481	3834	176	10984	10984	1933184
3984	3589	1158408	1	1	1158408
4518	3869	366576	1	1	366576
3905	3524	315288	1	1	315288
4483	3838	186912	1	1	186912
3512	3362	185368	1	1	185368
3985	3593	96	1588	1588	152448
3910	3532	96	1183	1241	113568
4172	3769	102912	1	1	102912
4173	3770	102912	1	1	102912
4548	3888	83984	1	1	83984
3749	3467	66	1265	1265	83490
4121	3768	16	4864	4864	77824
0	4	73728	1	1	73728
3722	3437	64	824	875	52736
3993	3604	64	818	853	52352
3991	3604	32	1412	2265	45184
4547	3888	42000	1	1	42000
3721	3437	32	1193	2069	38176
4167	3773	24	1417	1417	34008
4539	3891	32	896	896	28672
3724	3441	16	1752	2097	28032
3909	3528	64	418	444	26752
3908	3528	32	746	1192	23872
3682	3389	21672	1	1	21672
3353	3194	19681	1	1	19681
3992	3605	16	1187	1319	18992
3354	3196	17293	1	1	17293
4153	3788	480	36	36	17280
4523	3877	464	30	30	13920
3911	3535	8	1572	1762	12576
3725	3444	8	1570	1589	12560
3988	3600	8	1540	2859	12320
3986	3596	8	1508	1998	12064
4168	3774	12	997	997	11964
4164	3783	32	362	522	11584
3944	3545	192	58	58	11136
3726	3441	32	345	345	11040
3987	3597	4	2732	2732	10928
4537	3885	10752	1	1	10752
3930	3544	16	630	720	10080
4207	3818	16	619	789	9904
4195	3783	64	148	160	9472
4145	3783	16	563	1085	9008
4054	3660	8528	1	1	8528
4141	3782	8	1044	2129	8352
3525	3363	32	231	231	7392
3526	3364	32	231	231	7392
3527	3365	32	231	231	7392
4222	3774	16	456	456	7296
4170	3812	16	451	451	7216
4271	3774	52	134	134	6968
4278	3774	76	88	88	6688
4038	3633	6592	1	1	6592
3926	3541	32	205	205	6560
3736	3437	128	51	51	6528
3915	3541	28	231	231	6468
3601	3363	424	15	15	6360
3602	3364	424	15	15	6360
3603	3365	424	15	15	6360
3990	3604	16	347	2612	5552
3999	3610	16	340	340	5440
4004	3608	4	1357	1357	5428
4005	3609	4	1357	1357	5428
4497	3840	15	359	359	5385
4165	3771	4	1326	1326	5304
4166	3772	4	1326	1326	5304
4487	3840	17	307	307	5219
3914	3540	8	638	1358	5104
3537	3363	48	106	106	5088
3538	3364	48	106	106	5088
3539	3365	48	106	106	5088
4489	3840	11	458	458	5038
4494	3840	16	313	313	5008
3588	3366	56	88	88	4928
4484	3840	13	376	376	4888
3927	3541	36	128	128	4608
3996	3608	20	230	230	4600
3997	3609	20	230	230	4600
4208	3818	32	142	170	4544
4020	3604	128	35	35	4480
4491	3840	14	315	315	4410
3546	3363	36	121	121	4356
3547	3364	36	121	121	4356
3548	3365	36	121	121	4356
4277	3773	96	45	45	4320
3998	3605	32	131	132	4192
3723	3440	8	521	2618	4168
3585	3363	256	16	16	4096
3586	3364	256	16	16	4096
3587	3365	256	16	16	4096
4490	3840	12	313	313	3756
3363	3208	3696	1	1	3696
4488	3840	18	173	173	3114
3598	3363	296	10	10	2960
3599	3364	296	10	10	2960
3600	3365	296	10	10	2960
3932	3544	32	90	90	2880
4151	3786	80	36	36	2880
4152	3787	80	36	36	2880
3576	3363	68	42	42	2856
3577	3364	68	42	42	2856
3578	3365	68	42	42	2856
4068	3684	2840	1	1	2840
3604	3363	352	8	8	2816
3605	3364	352	8	8	2816
3606	3365	352	8	8	2816
3942	3528	128	22	22	2816
281	576	2776	1	1	2776
3579	3363	160	17	17	2720
3580	3364	160	17	17	2720
3581	3365	160	17	17	2720
4486	3840	10	262	262	2620
3534	3363	40	65	65	2600
3535	3364	40	65	65	2600
3536	3365	40	65	65	2600
3907	3528	16	161	1357	2576
3933	3541	40	64	64	2560
3923	3542	8	309	309	2472
3573	3363	84	28	28	2352
3574	3364	84	28	28	2352
3575	3365	84	28	28	2352
3516	3363	44	51	51	2244
3517	3364	44	51	51	2244
3518	3365	44	51	51	2244
3920	3541	24	91	91	2184
3994	3606	4	536	536	2144
3995	3607	4	536	536	2144
3924	3536	12	171	171	2052
3925	3537	12	171	171	2052
3570	3363	60	34	34	2040
3571	3364	60	34	34	2040
3572	3365	60	34	34	2040
3783	3465	17	118	118	2006
3720	3437	16	122	2192	1952
3779	3465	15	130	130	1950
4261	3818	64	28	28	1792
3531	3363	64	27	27	1728
3532	3364	64	27	27	1728
3533	3365	64	27	27	1728
4197	3752	32	53	53	1696
4198	3753	32	53	53	1696
4199	3754	32	53	53	1696
3755	3465	14	121	121	1694
3727	3445	2	845	845	1690
3728	3446	2	845	845	1690
3543	3363	52	32	32	1664
3544	3364	52	32	32	1664
3545	3365	52	32	32	1664
3758	3465	16	104	104	1664
4231	3752	552	3	3	1656
4232	3753	552	3	3	1656
4233	3754	552	3	3	1656
4500	3840	19	86	86	1634
3549	3363	24	67	67	1608
3550	3364	24	67	67	1608
3551	3365	24	67	67	1608
4219	3752	400	4	4	1600
4220	3753	400	4	4	1600
4221	3754	400	4	4	1600
4252	3752	1600	1	1	1600
4253	3753	1600	1	1	1600
4254	3754	1600	1	1	1600
3921	3536	10	159	159	1590
3922	3537	10	159	159	1590
4000	3606	2	794	794	1588
4001	3607	2	794	794	1588
3552	3363	28	56	56	1568
3553	3364	28	56	56	1568
3554	3365	28	56	56	1568
3928	3536	8	196	196	1568
3929	3537	8	196	196	1568
3916	3542	4	379	379	1516
4002	3608	8	184	184	1472
4003	3609	8	184	184	1472
3912	3536	6	244	244	1464
3913	3537	6	244	244	1464
3439	3261	1456	1	1	1456
3649	3363	132	11	11	1452
3650	3364	132	11	11	1452
3651	3365	132	11	11	1452
4209	3752	96	15	15	1440
4210	3753	96	15	15	1440
4211	3754	96	15	15	1440
4270	3773	72	20	20	1440
4080	3707	1436	1	1	1436
4495	3840	9	158	158	1422
3917	3543	16	88	90	1408
4196	3783	128	11	12	1408
3763	3465	13	107	107	1391
3937	3541	4	338	338	1352
74	251	1344	1	1	1344
3931	3542	12	109	109	1308
3729	3445	4	325	325	1300
3730	3446	4	325	325	1300
4006	3608	12	108	108	1296
4007	3609	12	108	108	1296
4142	3752	144	9	9	1296
4143	3753	144	9	9	1296
4144	3754	144	9	9	1296
3480	3310	1248	1	1	1248
3790	3465	18	69	69	1242
3752	3465	12	103	103	1236
3938	3541	12	101	101	1212
4206	3817	8	151	940	1208
4485	3840	8	151	151	1208
4171	3813	6	197	197	1182
4283	3752	588	2	2	1176
4284	3753	588	2	2	1176
4285	3754	588	2	2	1176
3555	3363	20	58	58	1160
3556	3364	20	58	58	1160
3557	3365	20	58	58	1160
3719	3436	8	141	2333	1128
3513	3363	56	20	20	1120
3514	3364	56	20	20	1120
3515	3365	56	20	20	1120
4349	3752	368	3	3	1104
4350	3753	368	3	3	1104
4351	3754	368	3	3	1104
4021	3593	120	9	9	1080
4008	3606	6	175	175	1050
4009	3607	6	175	175	1050
4213	3752	36	29	29	1044
4214	3753	36	29	29	1044
4215	3754	36	29	29	1044
3625	3363	512	2	2	1024
3626	3364	512	2	2	1024
3627	3365	512	2	2	1024
4176	3752	200	5	5	1000
4177	3753	200	5	5	1000
4178	3754	200	5	5	1000
275	570	992	1	1	992
4339	3752	488	2	2	976
4340	3753	488	2	2	976
4341	3754	488	2	2	976
3748	3465	11	88	88	968
3934	3541	44	22	22	968
3664	3363	240	4	4	960
3665	3364	240	4	4	960
3666	3365	240	4	4	960
4149	3784	960	1	1	960
4150	3785	960	1	1	960
4304	3752	940	1	1	940
4305	3753	940	1	1	940
4306	3754	940	1	1	940
4292	3752	460	2	2	920
4293	3753	460	2	2	920
4294	3754	460	2	2	920
3558	3363	16	56	56	896
3559	3364	16	56	56	896
3560	3365	16	56	56	896
4174	3784	112	8	8	896
4175	3785	112	8	8	896
4496	3840	6	147	147	882
3766	3465	10	87	87	870
3737	3445	6	144	144	864
3738	3446	6	144	144	864
4323	3784	864	1	1	864
4324	3785	864	1	1	864
3941	3541	20	43	43	860
4040	3637	16	53	66	848
4424	3752	424	2	2	848
4425	3753	424	2	2	848
4426	3754	424	2	2	848
3613	3363	76	11	11	836
3614	3364	76	11	11	836
3615	3365	76	11	11	836
4140	3779	2	415	415	830
4498	3840	5	162	162	810
4492	3840	7	114	114	798
3589	3363	96	8	8	768
3590	3364	96	8	8	768
3591	3365	96	8	8	768
4243	3752	372	2	2	744
4244	3753	372	2	2	744
4245	3754	372	2	2	744
3856	3465	19	39	39	741
3567	3363	72	10	10	720
3568	3364	72	10	10	720
3569	3365	72	10	10	720
3940	3541	16	45	45	720
4186	3752	24	30	30	720
4187	3753	24	30	30	720
4188	3754	24	30	30	720
4275	3771	16	45	45	720
4276	3772	16	45	45	720
3918	3536	4	178	178	712
3919	3537	4	178	178	712
4200	3752	64	11	11	704
4201	3753	64	11	11	704
4202	3754	64	11	11	704
4295	3752	684	1	1	684
4296	3753	684	1	1	684
4297	3754	684	1	1	684
3733	3445	10	68	68	680
3734	3446	10	68	68	680
4133	3752	112	6	6	672
4134	3753	112	6	6	672
4135	3754	112	6	6	672
4421	3752	668	1	1	668
4422	3753	668	1	1	668
4423	3754	668	1	1	668
3939	3541	8	81	81	648
3582	3363	80	8	8	640
3583	3364	80	8	8	640
3584	3365	80	8	8	640
3731	3447	20	32	32	640
3732	3448	20	32	32	640
4286	3752	628	1	1	628
4287	3753	628	1	1	628
4288	3754	628	1	1	628
3616	3363	312	2	2	624
3617	3364	312	2	2	624
3618	3365	312	2	2	624
3631	3363	124	5	5	620
3632	3364	124	5	5	620
3633	3365	124	5	5	620
4183	3752	20	31	31	620
4184	3753	20	31	31	620
4185	3754	20	31	31	620
4238	3752	620	1	1	620
4239	3753	620	1	1	620
4240	3754	620	1	1	620
3610	3363	120	5	5	600
3611	3364	120	5	5	600
3612	3365	120	5	5	600
4203	3752	40	15	15	600
4204	3753	40	15	15	600
4205	3754	40	15	15	600
4262	3752	592	1	1	592
4263	3753	592	1	1	592
4264	3754	592	1	1	592
4522	3875	8	73	73	584
4289	3752	576	1	1	576
4290	3753	576	1	1	576
4291	3754	576	1	1	576
4415	3752	288	2	2	576
4416	3753	288	2	2	576
4417	3754	288	2	2	576
4327	3752	568	1	1	568
4328	3753	568	1	1	568
4329	3754	568	1	1	568
3811	3465	9	62	62	558
9	26	544	1	1	544
3634	3363	136	4	4	544
3635	3364	136	4	4	544
3636	3365	136	4	4	544
3742	3445	8	68	68	544
3743	3446	8	68	68	544
3628	3363	108	5	5	540
3629	3364	108	5	5	540
3630	3365	108	5	5	540
3540	3363	8	66	66	528
3541	3364	8	66	66	528
3542	3365	8	66	66	528
4258	3752	528	1	1	528
4259	3753	528	1	1	528
4260	3754	528	1	1	528
46	157	522	1	1	522
3643	3363	128	4	4	512
3644	3364	128	4	4	512
3645	3365	128	4	4	512
4212	3778	32	16	16	512
4471	3784	256	2	2	512
4472	3785	256	2	2	512
4453	3752	496	1	1	496
4454	3753	496	1	1	496
4455	3754	496	1	1	496
3646	3363	480	1	1	480
3647	3364	480	1	1	480
3648	3365	480	1	1	480
3947	3541	48	10	10	480
4241	3784	120	4	4	480
4242	3785	120	4	4	480
4459	3752	472	1	1	472
4460	3753	472	1	1	472
4461	3754	472	1	1	472
4179	3752	16	29	29	464
4180	3753	16	29	29	464
4181	3754	16	29	29	464
3519	3363	92	5	5	460
3520	3364	92	5	5	460
3521	3365	92	5	5	460
3773	3465	8	57	57	456
3989	3603	8	57	2669	456
4018	3608	24	19	19	456
4019	3609	24	19	19	456
4320	3752	456	1	1	456
4321	3753	456	1	1	456
4322	3754	456	1	1	456
4476	3752	452	1	1	452
4477	3753	452	1	1	452
4478	3754	452	1	1	452
69	236	450	1	1	450
3528	3363	4	112	112	448
3529	3364	4	112	112	448
3530	3365	4	112	112	448
4236	3819	112	4	4	448
4237	3820	112	4	4	448
4358	3752	448	1	1	448
4359	3753	448	1	1	448
4360	3754	448	1	1	448
4499	3840	4	112	112	448
3607	3363	88	5	5	440
3608	3364	88	5	5	440
3609	3365	88	5	5	440
4192	3752	44	10	10	440
4193	3753	44	10	10	440
4194	3754	44	10	10	440
4366	3752	440	1	1	440
4367	3753	440	1	1	440
4368	3754	440	1	1	440
4274	3827	16	27	35	432
3522	3363	140	3	3	420
3523	3364	140	3	3	420
3524	3365	140	3	3	420
4223	3752	60	7	7	420
4224	3753	60	7	7	420
4225	3754	60	7	7	420
4265	3752	420	1	1	420
4266	3753	420	1	1	420
4267	3754	420	1	1	420
3595	3363	104	4	4	416
3596	3364	104	4	4	416
3597	3365	104	4	4	416
4041	3637	32	13	13	416
4333	3752	208	2	2	416
4334	3753	208	2	2	416
4335	3754	208	2	2	416
4361	3752	416	1	1	416
4362	3753	416	1	1	416
4363	3754	416	1	1	416
4465	3752	412	1	1	412
4466	3753	412	1	1	412
4467	3754	412	1	1	412
4146	3752	408	1	1	408
4147	3753	408	1	1	408
4148	3754	408	1	1	408
4473	3752	404	1	1	404
4474	3753	404	1	1	404
4475	3754	404	1	1	404
4189	3752	28	14	14	392
4190	3753	28	14	14	392
4191	3754	28	14	14	392
4378	3752	392	1	1	392
4379	3753	392	1	1	392
4380	3754	392	1	1	392
3637	3363	384	1	1	384
3638	3364	384	1	1	384
3639	3365	384	1	1	384
4010	3608	16	24	24	384
4011	3609	16	24	24	384
4412	3752	384	1	1	384
4413	3753	384	1	1	384
4414	3754	384	1	1	384
4524	3879	24	16	16	384
4450	3752	376	1	1	376
4451	3753	376	1	1	376
4452	3754	376	1	1	376
3619	3363	184	2	2	368
3620	3364	184	2	2	368
3621	3365	184	2	2	368
4014	3606	12	30	30	360
4015	3607	12	30	30	360
4282	3773	120	3	3	360
3622	3363	176	2	2	352
3623	3364	176	2	2	352
3624	3365	176	2	2	352
3652	3363	348	1	1	348
3653	3364	348	1	1	348
3654	3365	348	1	1	348
4456	3752	348	1	1	348
4457	3753	348	1	1	348
4458	3754	348	1	1	348
4272	3823	8	43	43	344
4462	3752	340	1	1	340
4463	3753	340	1	1	340
4464	3754	340	1	1	340
4126	3773	48	7	7	336
4129	3778	16	21	37	336
4182	3814	8	42	42	336
4479	3784	168	2	2	336
4480	3785	168	2	2	336
4447	3752	332	1	1	332
4448	3753	332	1	1	332
4449	3754	332	1	1	332
4430	3752	328	1	1	328
4431	3753	328	1	1	328
4432	3754	328	1	1	328
4352	3784	160	2	2	320
4353	3785	160	2	2	320
4375	3752	316	1	1	316
4376	3753	316	1	1	316
4377	3754	316	1	1	316
3592	3363	156	2	2	312
3593	3364	156	2	2	312
3594	3365	156	2	2	312
4012	3606	8	39	39	312
4013	3607	8	39	39	312
4055	3661	4	77	77	308
4519	3871	8	38	38	304
4226	3752	300	1	1	300
4227	3753	300	1	1	300
4228	3754	300	1	1	300
4039	3636	8	37	103	296
3735	3449	16	18	18	288
4113	3752	4	72	72	288
4114	3753	4	72	72	288
4115	3754	4	72	72	288
3771	3465	7	40	40	280
4016	3606	10	28	28	280
4017	3607	10	28	28	280
4314	3752	140	2	2	280
4315	3753	140	2	2	280
4316	3754	140	2	2	280
4438	3752	280	1	1	280
4439	3753	280	1	1	280
4440	3754	280	1	1	280
4372	3752	92	3	3	276
4373	3753	92	3	3	276
4374	3754	92	3	3	276
4468	3752	276	1	1	276
4469	3753	276	1	1	276
4470	3754	276	1	1	276
3368	3218	264	1	1	264
4298	3752	12	22	22	264
4299	3753	12	22	22	264
4300	3754	12	22	22	264
4336	3752	260	1	1	260
4337	3753	260	1	1	260
4338	3754	260	1	1	260
4279	3827	32	8	8	256
4317	3752	128	2	2	256
4318	3753	128	2	2	256
4319	3754	128	2	2	256
4388	3783	256	1	1	256
4441	3752	256	1	1	256
4442	3753	256	1	1	256
4443	3754	256	1	1	256
4130	3752	8	31	31	248
4131	3753	8	31	31	248
4132	3754	8	31	31	248
4268	3771	12	20	20	240
4269	3772	12	20	20	240
4444	3752	236	1	1	236
4445	3753	236	1	1	236
4446	3754	236	1	1	236
3935	3536	2	117	117	234
3936	3537	2	117	117	234
4482	3835	232	1	1	232
3655	3363	224	1	1	224
3656	3364	224	1	1	224
3657	3365	224	1	1	224
3658	3363	216	1	1	216
3659	3364	216	1	1	216
3660	3365	216	1	1	216
4249	3752	104	2	2	208
4250	3753	104	2	2	208
4251	3754	104	2	2	208
4404	3752	52	4	4	208
4405	3753	52	4	4	208
4406	3754	52	4	4	208
4307	3752	204	1	1	204
4308	3753	204	1	1	204
4309	3754	204	1	1	204
4493	3840	3	68	68	204
4410	3784	100	2	2	200
4411	3785	100	2	2	200
4418	3752	100	2	2	200
4419	3753	100	2	2	200
4420	3754	100	2	2	200
4508	3849	200	1	1	200
3817	3465	5	39	39	195
3802	3465	4	48	48	192
4216	3752	48	4	4	192
4217	3753	48	4	4	192
4218	3754	48	4	4	192
4330	3752	192	1	1	192
4331	3753	192	1	1	192
4332	3754	192	1	1	192
4342	3752	188	1	1	188
4343	3753	188	1	1	188
4344	3754	188	1	1	188
3561	3363	12	15	15	180
3562	3364	12	15	15	180
3563	3365	12	15	15	180
4401	3752	180	1	1	180
4402	3753	180	1	1	180
4403	3754	180	1	1	180
4501	3840	20	9	9	180
282	577	176	1	1	176
4381	3752	176	1	1	176
4382	3753	176	1	1	176
4383	3754	176	1	1	176
4387	3831	16	11	11	176
3769	3465	6	29	29	174
4246	3752	168	1	1	168
4247	3753	168	1	1	168
4248	3754	168	1	1	168
4301	3752	56	3	3	168
4302	3753	56	3	3	168
4303	3754	56	3	3	168
4407	3752	164	1	1	164
4408	3753	164	1	1	164
4409	3754	164	1	1	164
3438	3258	160	1	1	160
4127	3774	40	4	4	160
4521	3873	8	20	20	160
4346	3752	156	1	1	156
4347	3753	156	1	1	156
4348	3754	156	1	1	156
4398	3752	152	1	1	152
4399	3753	152	1	1	152
4400	3754	152	1	1	152
3943	3542	16	9	9	144
4154	3791	8	17	21	136
4310	3752	68	2	2	136
4311	3753	68	2	2	136
4312	3754	68	2	2	136
3356	3200	134	1	1	134
3378	3222	132	1	1	132
4427	3752	132	1	1	132
4428	3753	132	1	1	132
4429	3754	132	1	1	132
4022	3597	8	16	16	128
3472	3287	127	1	1	127
3945	3532	120	1	1	120
4156	3795	8	15	20	120
3640	3363	116	1	1	116
3641	3364	116	1	1	116
3642	3365	116	1	1	116
4255	3752	116	1	1	116
4256	3753	116	1	1	116
4257	3754	116	1	1	116
3411	3222	114	1	1	114
3661	3363	112	1	1	112
3662	3364	112	1	1	112
3663	3365	112	1	1	112
4161	3804	16	7	7	112
4364	3819	56	2	2	112
4365	3820	56	2	2	112
3408	3222	108	1	1	108
4389	3752	108	1	1	108
4390	3753	108	1	1	108
4391	3754	108	1	1	108
4158	3799	8	13	19	104
3564	3363	100	1	1	100
3565	3364	100	1	1	100
3566	3365	100	1	1	100
4354	3784	20	5	5	100
4355	3785	20	5	5	100
4526	3880	20	5	5	100
3352	3192	99	1	1	99
4528	3880	14	7	7	98
45	153	96	1	1	96
3358	3204	96	1	1	96
3739	3445	12	8	8	96
3740	3446	12	8	8	96
3741	3452	8	12	13	96
4159	3800	16	6	6	96
4229	3784	24	4	4	96
4230	3785	24	4	4	96
4520	3871	16	6	6	96
3405	3222	90	1	1	90
4392	3752	84	1	1	84
4393	3753	84	1	1	84
4394	3754	84	1	1	84
3385	3222	82	1	1	82
3867	3465	20	4	4	80
4157	3796	16	5	5	80
4234	3819	40	2	2	80
4235	3820	40	2	2	80
4369	3752	80	1	1	80
4370	3753	80	1	1	80
4371	3754	80	1	1	80
4395	3752	76	1	1	76
4396	3753	76	1	1	76
4397	3754	76	1	1	76
3389	3222	74	1	1	74
276	571	72	1	1	72
277	572	72	1	1	72
278	573	72	1	1	72
4435	3752	72	1	1	72
4436	3753	72	1	1	72
4437	3754	72	1	1	72
4510	3851	72	1	1	72
4511	3852	72	1	1	72
4512	3853	72	1	1	72
4513	3854	72	1	1	72
4531	3875	24	3	3	72
3395	3230	35	2	2	70
61	204	64	1	1	64
3355	3198	64	1	1	64
3946	3543	32	2	2	64
4023	3605	64	1	1	64
4155	3792	16	4	4	64
4273	3826	8	8	43	64
4325	3784	32	2	2	64
4326	3785	32	2	2	64
4356	3784	64	1	1	64
4357	3785	64	1	1	64
4533	3875	16	4	4	64
26	90	63	1	1	63
30	103	63	1	1	63
3402	3222	63	1	1	63
3483	3316	63	1	1	63
4505	3846	63	1	1	63
3365	3212	6	10	10	60
3819	3465	3	20	20	60
4280	3771	20	3	3	60
4281	3772	20	3	3	60
4384	3784	60	1	1	60
4385	3785	60	1	1	60
314	692	58	1	1	58
3906	3527	8	7	1364	56
3388	3218	48	1	1	48
4163	3808	16	3	3	48
4503	3842	48	1	1	48
18	56	46	1	1	46
35	119	46	1	1	46
40	136	46	1	1	46
289	601	46	1	1	46
294	618	46	1	1	46
3381	3222	44	1	1	44
4056	3661	8	5	5	40
4162	3807	8	5	8	40
4433	3784	40	1	1	40
4434	3785	40	1	1	40
4502	3841	40	1	1	40
4506	3847	40	1	1	40
4507	3848	40	1	1	40
4514	3859	38	1	1	38
4527	3880	18	2	2	36
3407	3216	35	1	1	35
3481	3312	35	1	1	35
3410	3216	34	1	1	34
13	42	32	1	1	32
280	575	32	1	1	32
283	578	32	1	1	32
4313	3774	8	4	4	32
3404	3216	30	1	1	30
279	574	24	1	1	24
303	662	24	1	1	24
4124	3771	8	3	3	24
4125	3772	8	3	3	24
4128	3777	8	3	40	24
4160	3803	8	3	10	24
3398	3216	22	1	1	22
3382	3210	7	3	3	21
3431	3253	7	3	3	21
3379	3214	10	2	2	20
3413	3216	20	1	1	20
3450	3268	10	2	2	20
3374	3220	18	1	1	18
3367	3216	17	1	1	17
3373	3220	17	1	1	17
3401	3216	16	1	1	16
4509	3850	16	1	1	16
284	584	15	1	1	15
3370	3220	5	3	3	15
3372	3220	13	1	1	13
3392	3216	13	1	1	13
4525	3880	13	1	1	13
3364	3210	6	2	2	12
3377	3220	4	3	3	12
3387	3216	12	1	1	12
3390	3210	12	1	1	12
3426	3253	6	2	2	12
3435	3253	12	1	1	12
4024	3597	12	1	1	12
4345	3774	4	3	3	12
3412	3210	11	1	1	11
3443	3253	11	1	1	11
304	664	10	1	1	10
3359	3206	10	1	1	10
3396	3210	10	1	1	10
3400	3214	5	2	2	10
3436	3253	10	1	1	10
3476	3300	10	1	1	10
3477	3303	10	1	1	10
3478	3305	10	1	1	10
20	63	9	1	1	9
29	101	9	1	1	9
42	147	9	1	1	9
3403	3210	9	1	1	9
3437	3253	9	1	1	9
3482	3314	9	1	1	9
4504	3844	9	1	1	9
4529	3880	9	1	1	9
73	248	8	1	1	8
3357	3202	8	1	1	8
3375	3220	8	1	1	8
3384	3224	8	1	1	8
3409	3210	8	1	1	8
3442	3253	8	1	1	8
3479	3308	8	1	1	8
72	243	7	1	1	7
3351	3191	7	1	1	7
3361	3206	7	1	1	7
3376	3220	7	1	1	7
3383	3216	7	1	1	7
3399	3212	7	1	1	7
3371	3220	6	1	1	6
3380	3216	6	1	1	6
3394	3228	2	3	3	6
3360	3206	5	1	1	5
3449	3268	5	1	1	5
8	25	4	1	1	4
3362	3206	4	1	1	4
3386	3214	4	1	1	4
3391	3214	2	2	2	4
3406	3210	4	1	1	4
3440	3253	4	1	1	4
3451	3268	4	1	1	4
4530	3877	4	1	1	4
307	675	3	1	1	3
3366	3214	3	1	1	3
3369	3220	3	1	1	3
3393	3226	1	3	3	3
3397	3214	1	1	1	1
