trace_id	family_id	requested_bytes	live_count	allocation_calls_full_trace
3862	bb0fa3bf187a4315b9b3035e5b4f705851fdbf523b3e98364ddc3b9280791a97	73438581	1	1
3865	bd4c43e256c8cea50aaf6ab0d6f2eff8787801fb5ae6f698d68730b97704844e	65142784	1	1
3867	a7f7ef1d33c50f587dbba5e68d5c9d91edbbe1a9d61ab71aa1e83f3fd5478cd7	8142848	1	1
3763	b6c55a3d7a517b2b5398e5113d88b8311dc7ad29bc217791c818cbc25f08b091	5887424	10984	10984
3433	ddad8a7d3b08ca7ba4c54e256931b5d9d220d7d30fa9bc12193d873f7fd86ed4	1962576	1	1
3834	5b7db08924c7399ebf1b154a12e33e4688c0a7a3f76ec9c3b0d8df1c5a65728a	1933184	10984	10984
3589	f4dffd87ec76a3bb0853c541bd1fc9d84f13eaa9b938a6b1f855cd24cdfc91ab	1158408	1	1
3869	a7f7ef1d33c50f587dbba5e68d5c9d91edbbe1a9d61ab71aa1e83f3fd5478cd7	366576	1	1
3524	1d61dbef9f7a9717bb2cb7251a8477f81c58459792cb31a123dfd15b317327f4	315288	1	1
3838	99231c7e87e442cff4956f1aee0ac47defd0492438d314316af1a96c650376e7	186912	1	1
3362	f870549f971c3bcb0266c54168876e3b941e296b68ef3968f60776e671e57a5e	185368	1	1
3593	d42220e4c0b5ee2edd6134684e754a90a249deb1d4327384f8fabb9d9b120c79	153528	1597	1597
3888	53235dbf919a2e4a96f4c9958342109c2a3db8faaf542c7f9f2d4dbd491e0a52	125984	2	10
3532	d42220e4c0b5ee2edd6134684e754a90a249deb1d4327384f8fabb9d9b120c79	113688	1184	1242
3604	d42220e4c0b5ee2edd6134684e754a90a249deb1d4327384f8fabb9d9b120c79	107568	2612	5765
3769	d42220e4c0b5ee2edd6134684e754a90a249deb1d4327384f8fabb9d9b120c79	102912	1	4
3770	d42220e4c0b5ee2edd6134684e754a90a249deb1d4327384f8fabb9d9b120c79	102912	1	4
3437	d42220e4c0b5ee2edd6134684e754a90a249deb1d4327384f8fabb9d9b120c79	99392	2190	5187
3467	35c9fc1afa0cb835d15a2ed0694b5d8770a0e152eb0cba4d4520c53bdeaed60d	83490	1265	1265
3768	d42220e4c0b5ee2edd6134684e754a90a249deb1d4327384f8fabb9d9b120c79	77824	4864	4864
4	e220fe1122bad46f986f3f0939ad9b5fc1c70517b4ace797aab6dfc17031bb2a	73728	1	1
3363	f870549f971c3bcb0266c54168876e3b941e296b68ef3968f60776e671e57a5e	73368	1363	1363
3364	f870549f971c3bcb0266c54168876e3b941e296b68ef3968f60776e671e57a5e	73368	1363	1363
3365	f870549f971c3bcb0266c54168876e3b941e296b68ef3968f60776e671e57a5e	73368	1363	1363
3528	d42220e4c0b5ee2edd6134684e754a90a249deb1d4327384f8fabb9d9b120c79	56016	1347	3015
3840	e6527c6c96efd30f776181ab2bfe350b313346e10cddc8f6393d4b138840be87	47024	3883	3883
3752	b6c55a3d7a517b2b5398e5113d88b8311dc7ad29bc217791c818cbc25f08b091	43148	488	488
3753	b6c55a3d7a517b2b5398e5113d88b8311dc7ad29bc217791c818cbc25f08b091	43148	488	488
3754	b6c55a3d7a517b2b5398e5113d88b8311dc7ad29bc217791c818cbc25f08b091	43148	488	488
3773	b6c55a3d7a517b2b5398e5113d88b8311dc7ad29bc217791c818cbc25f08b091	40464	1492	1492
3441	d42220e4c0b5ee2edd6134684e754a90a249deb1d4327384f8fabb9d9b120c79	39072	2097	2442
3774	b6c55a3d7a517b2b5398e5113d88b8311dc7ad29bc217791c818cbc25f08b091	33120	1686	1686
3783	d42220e4c0b5ee2edd6134684e754a90a249deb1d4327384f8fabb9d9b120c79	31728	1085	1780
3891	d42220e4c0b5ee2edd6134684e754a90a249deb1d4327384f8fabb9d9b120c79	28672	896	896
3541	1d61dbef9f7a9717bb2cb7251a8477f81c58459792cb31a123dfd15b317327f4	28620	1359	1359
3605	d42220e4c0b5ee2edd6134684e754a90a249deb1d4327384f8fabb9d9b120c79	23248	1319	1452
3389	51352243c3ef419b0629c113a9642e92acfb897c76cf3821219207148c5fdcd8	21672	1	1
3194	e6527c6c96efd30f776181ab2bfe350b313346e10cddc8f6393d4b138840be87	19681	1	1
3196	e6527c6c96efd30f776181ab2bfe350b313346e10cddc8f6393d4b138840be87	17293	1	1
3788	b6c55a3d7a517b2b5398e5113d88b8311dc7ad29bc217791c818cbc25f08b091	17280	36	36
3818	d42220e4c0b5ee2edd6134684e754a90a249deb1d4327384f8fabb9d9b120c79	16240	789	987
3465	e6527c6c96efd30f776181ab2bfe350b313346e10cddc8f6393d4b138840be87	15757	1265	1265
3877	31aff74db2a43b7a3971bfad1f70185af06b2345a2ad85703568a213207400bf	13924	31	31
3608	f4dffd87ec76a3bb0853c541bd1fc9d84f13eaa9b938a6b1f855cd24cdfc91ab	13636	1922	1922
3609	f4dffd87ec76a3bb0853c541bd1fc9d84f13eaa9b938a6b1f855cd24cdfc91ab	13636	1922	1922
3544	d42220e4c0b5ee2edd6134684e754a90a249deb1d4327384f8fabb9d9b120c79	12960	720	810
3535	d42220e4c0b5ee2edd6134684e754a90a249deb1d4327384f8fabb9d9b120c79	12576	1572	1762
3444	d42220e4c0b5ee2edd6134684e754a90a249deb1d4327384f8fabb9d9b120c79	12560	1570	1589
3600	d42220e4c0b5ee2edd6134684e754a90a249deb1d4327384f8fabb9d9b120c79	12320	1540	2859
3596	d42220e4c0b5ee2edd6134684e754a90a249deb1d4327384f8fabb9d9b120c79	12064	1508	1998
3545	d42220e4c0b5ee2edd6134684e754a90a249deb1d4327384f8fabb9d9b120c79	11136	58	58
3597	f4dffd87ec76a3bb0853c541bd1fc9d84f13eaa9b938a6b1f855cd24cdfc91ab	11068	2749	2749
3885	41ea9e5a1ce7cd740a10b2a74b449f6d8a1242496c66b807fe0c1d16c55f6f4b	10752	1	4
3660	5663a90e5ad0f920cc3ce3a753441f8ac3826da4d66c827db4510731cb58435e	8528	1	1
3782	d42220e4c0b5ee2edd6134684e754a90a249deb1d4327384f8fabb9d9b120c79	8352	1044	2129
3536	1d61dbef9f7a9717bb2cb7251a8477f81c58459792cb31a123dfd15b317327f4	7620	1065	1065
3537	1d61dbef9f7a9717bb2cb7251a8477f81c58459792cb31a123dfd15b317327f4	7620	1065	1065
3812	d42220e4c0b5ee2edd6134684e754a90a249deb1d4327384f8fabb9d9b120c79	7216	451	451
3633	77be961186e8c758162cbe177fecb1797f0f5a45bff59be0103d2abf25eb47ff	6592	1	1
3771	b6c55a3d7a517b2b5398e5113d88b8311dc7ad29bc217791c818cbc25f08b091	6348	1397	1397
3772	b6c55a3d7a517b2b5398e5113d88b8311dc7ad29bc217791c818cbc25f08b091	6348	1397	1397
3606	f4dffd87ec76a3bb0853c541bd1fc9d84f13eaa9b938a6b1f855cd24cdfc91ab	5734	1602	1602
3607	f4dffd87ec76a3bb0853c541bd1fc9d84f13eaa9b938a6b1f855cd24cdfc91ab	5734	1602	1602
3542	1d61dbef9f7a9717bb2cb7251a8477f81c58459792cb31a123dfd15b317327f4	5440	806	806
3610	d42220e4c0b5ee2edd6134684e754a90a249deb1d4327384f8fabb9d9b120c79	5440	340	340
3445	ddad8a7d3b08ca7ba4c54e256931b5d9d220d7d30fa9bc12193d873f7fd86ed4	5174	1458	1458
3446	ddad8a7d3b08ca7ba4c54e256931b5d9d220d7d30fa9bc12193d873f7fd86ed4	5174	1458	1458
3540	d42220e4c0b5ee2edd6134684e754a90a249deb1d4327384f8fabb9d9b120c79	5104	638	1358
3784	b6c55a3d7a517b2b5398e5113d88b8311dc7ad29bc217791c818cbc25f08b091	4992	36	36
3785	b6c55a3d7a517b2b5398e5113d88b8311dc7ad29bc217791c818cbc25f08b091	4992	36	36
3366	f870549f971c3bcb0266c54168876e3b941e296b68ef3968f60776e671e57a5e	4928	88	88
3440	d42220e4c0b5ee2edd6134684e754a90a249deb1d4327384f8fabb9d9b120c79	4168	521	2618
3208	372ae53a11f2bdf70733d50514e75dbe17f17b594b5e03286eabb2f26e62f36c	3696	1	1
3786	b6c55a3d7a517b2b5398e5113d88b8311dc7ad29bc217791c818cbc25f08b091	2880	36	36
3787	b6c55a3d7a517b2b5398e5113d88b8311dc7ad29bc217791c818cbc25f08b091	2880	36	36
3684	72cad0026120c50af7d386321b6ee737585055b163be5bd0db7aef205508c22c	2840	1	1
576	714096c6affa162b7d3d534d211c6ec56d7d26ac8c89c0abdf71e05d7eb9cf3c	2776	1	1
3543	d42220e4c0b5ee2edd6134684e754a90a249deb1d4327384f8fabb9d9b120c79	1472	90	92
3261	096d438c37c9977fb6448fdba38a462e10644befdb233603dda487b12b40abdb	1456	1	2
3707	2bc56048b24176b1607f5a9248d31e911dbadb2c4ef1929d038361c9598f3289	1436	1	1
251	096d438c37c9977fb6448fdba38a462e10644befdb233603dda487b12b40abdb	1344	1	1
3637	d42220e4c0b5ee2edd6134684e754a90a249deb1d4327384f8fabb9d9b120c79	1264	66	79
3310	6abb066cf89663373768d54528edf59c7d2089ee2c4a0637ae919947ff155460	1248	1	1
3817	d42220e4c0b5ee2edd6134684e754a90a249deb1d4327384f8fabb9d9b120c79	1208	151	940
3813	b6c55a3d7a517b2b5398e5113d88b8311dc7ad29bc217791c818cbc25f08b091	1182	197	197
3436	d42220e4c0b5ee2edd6134684e754a90a249deb1d4327384f8fabb9d9b120c79	1128	141	2333
570	096d438c37c9977fb6448fdba38a462e10644befdb233603dda487b12b40abdb	992	1	1
3778	d42220e4c0b5ee2edd6134684e754a90a249deb1d4327384f8fabb9d9b120c79	848	37	53
3779	b6c55a3d7a517b2b5398e5113d88b8311dc7ad29bc217791c818cbc25f08b091	830	415	415
3875	b4b209c65185ca8c9d2323f054be7a1f73d613d47ed9a29a5ddb002550fc368e	720	80	80
3222	e6527c6c96efd30f776181ab2bfe350b313346e10cddc8f6393d4b138840be87	707	8	8
3827	d42220e4c0b5ee2edd6134684e754a90a249deb1d4327384f8fabb9d9b120c79	688	35	43
3447	ddad8a7d3b08ca7ba4c54e256931b5d9d220d7d30fa9bc12193d873f7fd86ed4	640	32	32
3448	ddad8a7d3b08ca7ba4c54e256931b5d9d220d7d30fa9bc12193d873f7fd86ed4	640	32	32
3819	b6c55a3d7a517b2b5398e5113d88b8311dc7ad29bc217791c818cbc25f08b091	640	8	8
3820	b6c55a3d7a517b2b5398e5113d88b8311dc7ad29bc217791c818cbc25f08b091	640	8	8
26	549d2828f4bd60b6f928e9649aeef9539a53e8115de8c250dc64ff495cff50ca	544	1	1
157	268f7bdf5b2adcdad40216436e81d1d98b856a0cac65cbcb37464faf2346fa85	522	1	1
3603	d42220e4c0b5ee2edd6134684e754a90a249deb1d4327384f8fabb9d9b120c79	456	57	2669
236	268f7bdf5b2adcdad40216436e81d1d98b856a0cac65cbcb37464faf2346fa85	450	1	1
3871	b4b209c65185ca8c9d2323f054be7a1f73d613d47ed9a29a5ddb002550fc368e	400	44	44
3879	baefb88c68da06e8c362bd8929c568e0523f83fa54eb3f6aec121155b0dd6c98	384	16	16
3661	5663a90e5ad0f920cc3ce3a753441f8ac3826da4d66c827db4510731cb58435e	348	82	82
3823	d42220e4c0b5ee2edd6134684e754a90a249deb1d4327384f8fabb9d9b120c79	344	43	43
3814	b6c55a3d7a517b2b5398e5113d88b8311dc7ad29bc217791c818cbc25f08b091	336	42	42
3218	a1e3283a7532242597e47eba3280f608ee0f4030bdae532505ee27aa8e8af194	312	2	2
3636	d42220e4c0b5ee2edd6134684e754a90a249deb1d4327384f8fabb9d9b120c79	296	37	103
3449	d42220e4c0b5ee2edd6134684e754a90a249deb1d4327384f8fabb9d9b120c79	288	18	18
3880	baefb88c68da06e8c362bd8929c568e0523f83fa54eb3f6aec121155b0dd6c98	256	16	16
3835	65ac0e2f2001d1807c5cbd6088ce6f20218842c33aaf16179785d0273d4f9682	232	1	1
3216	e6527c6c96efd30f776181ab2bfe350b313346e10cddc8f6393d4b138840be87	212	11	11
3849	65ac0e2f2001d1807c5cbd6088ce6f20218842c33aaf16179785d0273d4f9682	200	1	1
577	714096c6affa162b7d3d534d211c6ec56d7d26ac8c89c0abdf71e05d7eb9cf3c	176	1	1
3831	d42220e4c0b5ee2edd6134684e754a90a249deb1d4327384f8fabb9d9b120c79	176	11	11
3258	96017cb921d87cd5c0ab08e89669fcc08b50f6d93e7eb9213e59f88be19918cb	160	1	3
3873	b4b209c65185ca8c9d2323f054be7a1f73d613d47ed9a29a5ddb002550fc368e	160	20	20
3791	d42220e4c0b5ee2edd6134684e754a90a249deb1d4327384f8fabb9d9b120c79	136	17	21
3200	e6527c6c96efd30f776181ab2bfe350b313346e10cddc8f6393d4b138840be87	134	1	1
3287	abff6880d426cbe59e117f65b0d3b12993eab626d9dae0e9bbdeed77b94a67d8	127	1	1
3795	d42220e4c0b5ee2edd6134684e754a90a249deb1d4327384f8fabb9d9b120c79	120	15	20
3804	d42220e4c0b5ee2edd6134684e754a90a249deb1d4327384f8fabb9d9b120c79	112	7	7
3799	d42220e4c0b5ee2edd6134684e754a90a249deb1d4327384f8fabb9d9b120c79	104	13	19
3192	52a4a0ca1b14b209ff494dddc71f2cdc286878eccc2e32133f42f0b6e0b9aad0	99	1	1
3220	e6527c6c96efd30f776181ab2bfe350b313346e10cddc8f6393d4b138840be87	99	13	13
153	504b0641dc0dbb4133d68931a787fd8d2d08a11e516abbbff1e2708d60c6d79b	96	1	1
3204	a1e3283a7532242597e47eba3280f608ee0f4030bdae532505ee27aa8e8af194	96	1	1
3452	d42220e4c0b5ee2edd6134684e754a90a249deb1d4327384f8fabb9d9b120c79	96	12	13
3800	d42220e4c0b5ee2edd6134684e754a90a249deb1d4327384f8fabb9d9b120c79	96	6	6
3210	e6527c6c96efd30f776181ab2bfe350b313346e10cddc8f6393d4b138840be87	87	11	11
3253	e6527c6c96efd30f776181ab2bfe350b313346e10cddc8f6393d4b138840be87	87	11	11
3796	d42220e4c0b5ee2edd6134684e754a90a249deb1d4327384f8fabb9d9b120c79	80	5	5
571	714096c6affa162b7d3d534d211c6ec56d7d26ac8c89c0abdf71e05d7eb9cf3c	72	1	1
572	714096c6affa162b7d3d534d211c6ec56d7d26ac8c89c0abdf71e05d7eb9cf3c	72	1	1
573	714096c6affa162b7d3d534d211c6ec56d7d26ac8c89c0abdf71e05d7eb9cf3c	72	1	1
3851	65ac0e2f2001d1807c5cbd6088ce6f20218842c33aaf16179785d0273d4f9682	72	1	1
3852	65ac0e2f2001d1807c5cbd6088ce6f20218842c33aaf16179785d0273d4f9682	72	1	1
3853	65ac0e2f2001d1807c5cbd6088ce6f20218842c33aaf16179785d0273d4f9682	72	1	1
3854	65ac0e2f2001d1807c5cbd6088ce6f20218842c33aaf16179785d0273d4f9682	72	1	1
3230	e6527c6c96efd30f776181ab2bfe350b313346e10cddc8f6393d4b138840be87	70	2	2
3212	e6527c6c96efd30f776181ab2bfe350b313346e10cddc8f6393d4b138840be87	67	11	11
204	096d438c37c9977fb6448fdba38a462e10644befdb233603dda487b12b40abdb	64	1	3
3198	e6527c6c96efd30f776181ab2bfe350b313346e10cddc8f6393d4b138840be87	64	1	1
3792	d42220e4c0b5ee2edd6134684e754a90a249deb1d4327384f8fabb9d9b120c79	64	4	4
3826	d42220e4c0b5ee2edd6134684e754a90a249deb1d4327384f8fabb9d9b120c79	64	8	43
90	6a36977ed237be23b5c72646586416b857d6e764b1e64b2b679be67623263e51	63	1	1
103	e6527c6c96efd30f776181ab2bfe350b313346e10cddc8f6393d4b138840be87	63	1	1
3316	e6527c6c96efd30f776181ab2bfe350b313346e10cddc8f6393d4b138840be87	63	1	1
3846	e6527c6c96efd30f776181ab2bfe350b313346e10cddc8f6393d4b138840be87	63	1	1
692	448d57f07b8d24653caaa7fcfbd057cbd5e5c181204020de3dc6065f866082f2	58	1	1
3527	d42220e4c0b5ee2edd6134684e754a90a249deb1d4327384f8fabb9d9b120c79	56	7	1364
3808	d42220e4c0b5ee2edd6134684e754a90a249deb1d4327384f8fabb9d9b120c79	48	3	3
3842	65ac0e2f2001d1807c5cbd6088ce6f20218842c33aaf16179785d0273d4f9682	48	1	1
56	448d57f07b8d24653caaa7fcfbd057cbd5e5c181204020de3dc6065f866082f2	46	1	1
119	448d57f07b8d24653caaa7fcfbd057cbd5e5c181204020de3dc6065f866082f2	46	1	1
136	448d57f07b8d24653caaa7fcfbd057cbd5e5c181204020de3dc6065f866082f2	46	1	1
601	448d57f07b8d24653caaa7fcfbd057cbd5e5c181204020de3dc6065f866082f2	46	1	1
618	448d57f07b8d24653caaa7fcfbd057cbd5e5c181204020de3dc6065f866082f2	46	1	1
3214	e6527c6c96efd30f776181ab2bfe350b313346e10cddc8f6393d4b138840be87	42	9	9
3807	d42220e4c0b5ee2edd6134684e754a90a249deb1d4327384f8fabb9d9b120c79	40	5	8
3841	65ac0e2f2001d1807c5cbd6088ce6f20218842c33aaf16179785d0273d4f9682	40	1	1
3847	65ac0e2f2001d1807c5cbd6088ce6f20218842c33aaf16179785d0273d4f9682	40	1	1
3848	65ac0e2f2001d1807c5cbd6088ce6f20218842c33aaf16179785d0273d4f9682	40	1	1
3859	abff6880d426cbe59e117f65b0d3b12993eab626d9dae0e9bbdeed77b94a67d8	38	1	1
3312	72a1618b84e7906669afd846e812b5c566431a338b5eb393f621fc765cbd2142	35	1	1
42	fc2da8fba9e079d471b644a9b1c677eca407d7961f4c0267bb332715e144686d	32	1	1
575	714096c6affa162b7d3d534d211c6ec56d7d26ac8c89c0abdf71e05d7eb9cf3c	32	1	1
578	714096c6affa162b7d3d534d211c6ec56d7d26ac8c89c0abdf71e05d7eb9cf3c	32	1	1
3268	e6527c6c96efd30f776181ab2bfe350b313346e10cddc8f6393d4b138840be87	29	4	4
3206	e6527c6c96efd30f776181ab2bfe350b313346e10cddc8f6393d4b138840be87	26	4	4
574	714096c6affa162b7d3d534d211c6ec56d7d26ac8c89c0abdf71e05d7eb9cf3c	24	1	1
662	a92e83b7ec14ad03914f87b070dcbfb7304002d609f0051a5789758fad54d96c	24	1	1
3777	d42220e4c0b5ee2edd6134684e754a90a249deb1d4327384f8fabb9d9b120c79	24	3	40
3803	d42220e4c0b5ee2edd6134684e754a90a249deb1d4327384f8fabb9d9b120c79	24	3	10
3850	65ac0e2f2001d1807c5cbd6088ce6f20218842c33aaf16179785d0273d4f9682	16	1	1
584	abff6880d426cbe59e117f65b0d3b12993eab626d9dae0e9bbdeed77b94a67d8	15	1	1
664	35c9fc1afa0cb835d15a2ed0694b5d8770a0e152eb0cba4d4520c53bdeaed60d	10	1	1
3300	6aba15e778ac0d218533472f0ad16f18584049c46fb2edce793d5d49d7ad3c91	10	1	1
3303	c804bce6353a5d3ed5faf59b363a0aaf45beb4b4a1951da37ca86d6a87a16a0e	10	1	1
3305	c804bce6353a5d3ed5faf59b363a0aaf45beb4b4a1951da37ca86d6a87a16a0e	10	1	1
63	aa2e25fb273e51bd33deabaef4aa80e2d4ab109bc4874dba03c5b7a41d844811	9	1	1
101	e6527c6c96efd30f776181ab2bfe350b313346e10cddc8f6393d4b138840be87	9	1	1
147	e2ee98d8e68c51813bdd0b04b93112bb9034d0dfdeb354e00f9c04980120d117	9	1	1
3314	e6527c6c96efd30f776181ab2bfe350b313346e10cddc8f6393d4b138840be87	9	1	1
3844	e6527c6c96efd30f776181ab2bfe350b313346e10cddc8f6393d4b138840be87	9	1	1
248	096d438c37c9977fb6448fdba38a462e10644befdb233603dda487b12b40abdb	8	1	1
3202	e6527c6c96efd30f776181ab2bfe350b313346e10cddc8f6393d4b138840be87	8	1	1
3224	e6527c6c96efd30f776181ab2bfe350b313346e10cddc8f6393d4b138840be87	8	1	1
3308	c804bce6353a5d3ed5faf59b363a0aaf45beb4b4a1951da37ca86d6a87a16a0e	8	1	1
243	e0a1f669a6a35b4ebb54abaf67ecd4b3f3da3025a2f80473708d9061f1566cf2	7	1	1
3191	e6527c6c96efd30f776181ab2bfe350b313346e10cddc8f6393d4b138840be87	7	1	1
3228	e6527c6c96efd30f776181ab2bfe350b313346e10cddc8f6393d4b138840be87	6	3	3
25	549d2828f4bd60b6f928e9649aeef9539a53e8115de8c250dc64ff495cff50ca	4	1	1
675	b51e6746bd4ca6b62ff257da30b21741a7fcd117fbb9f3cd97329e437077d4b4	3	1	1
3226	e6527c6c96efd30f776181ab2bfe350b313346e10cddc8f6393d4b138840be87	3	3	3
